npcId,npcName,audio,gender
111,焚天宗,2,1
121,镇岳宗,2,1
100000,苏倾盏,1,2
100001,柳秀娘,2,2
100003,苏眠烟,2,2
100004,王小二,2,1
100111,纪澜之,1,2
100121,纪小蝶,1,2
100131,纪小花,2,2
100211,江楚弦,1,2
100221,章籽梦,1,2
100231,咪咪,2,3
100241,荆无咎,0,1
100251,娄半升,0,1
100261,湖灵,0,1
100271,妖兽,0,1
100281,妖物,0,1
100291,老者,0,1
100301,章籽梦,2,2
100303,叶栖露,2,2
100304,寒玥,2,2
100305,玄尊,2,3
100331,老者,0,1
100332,少女,0,2
100341,少女,0,2
100351,黑衣人,0,1
100361,欲望投影,0,1
100362,木偶,0,2
100363,无面者,0,1
100364,老翁,0,1
100365,讹兽,0,1
100366,虚无之人,0,3
100367,赤袍老者,0,1
100368,青衣老者,0,1
100369,雪人,0,1
100372,白童,0,1
100373,黑童,0,1
100374,老海龟,0,1
100411,杜老栓,2,1
100421,小皮凳,2,1
100431,贾道人,2,1
100441,小皮凳,2,1
100511,豹子眼,2,1
100521,福嫂,2,2
100531,李铁勾,2,1
102011,路人甲,2,1
102101,泡泡,2,2
102102,牛姐,2,2
102201,夏天的雨,2,2
102301,路人丙,2,1
102401,金毛毛,2,3
102411,张静宜,2,2
102412,张静仪,2,2
102501,可哥,2,1
102601,路人乙,2,1
102701,面面,2,2
103011,芷儿,2,2
103111,慕云栖,2,2
103112,窦苞,1,2
110031,谢长风,2,1
110032,谢锦雪,2,2
110033,秦誉,2,1
110061,雷刚,2,1
110062,商挽,2,2
110063,任赤炎,2,1
110071,欧冶青,2,1
110072,石老虬,2,1
110081,秦慕和,2,1
110082,青禾,2,2
110083,药师岩,2,1
110201,莲心,1,2
110202,邵韵秋,1,2
110203,顾文远,2,1
110301,陈沽酒,2,2
110302,许游方,2,1
110303,岑鸣舟,2,1
110401,章万全,2,1
110402,柳婵,1,2
110404,银衡,0,3
110501,叶知秋,2,2
110502,阿檀,2,1
120011,关言堂,0,1
120033,邱承钺,0,1
120034,韩岳临,0,1
120041,蒋砚舟,0,1
120042,苏言初,0,1
120051,卫琴芷,0,2
120052,应桐音,0,2
120061,鲁烈,0,1
120064,陈澄远,0,1
120065,石慎,0,1
120071,莫锋,0,1
120072,庞铁柱,0,1
120081,简和明,0,2
120082,茉禾,0,2
120092,卢启之,0,1
120093,季婉,0,2
120101,慕云栖,0,2
120102,顾砚之,0,1
120121,邝水生,0,1
120122,包德全,0,1
120301,墨点,0,3
120304,楚弦霜,0,2
120305,何栖棠,0,2
120401,池知璧,0,2
120402,路蘅,0,2
120501,卫琴芷,0,2
120502,应桐音,0,2
120701,顾砚之,0,1
120702,卢启之,0,1
120703,季婉,0,2
130061,段澹锋,0,1
130062,滕魁岳,0,1
130063,柯惊鹊,0,2
130081,曲南枝,0,2
130082,艾春岫,0,1
130083,童栖迟,0,2
130101,郗照衡,0,1
130102,桑砚真,0,2
130201,郜崇矩,0,1
130202,蔺星则,0,2
130203,阚肃旌,0,1
130301,忘忧,0,2
130302,忘忧,0,2
130401,商绮年,0,2
130402,卜识微,0,1
130403,戚砚珠,0,2
130501,乐知寒,0,1
130502,迟雁回,0,2
130503,许绵峤,0,2
130601,宿闻铎,0,1
130602,樊青萝,0,2
130603,喻青陶,0,1
130701,霍岚生,0,1
130702,边长缨,0,2
130703,费照途,0,1
140001,乌岚,2,2
140002,索图,2,1
140003,巴格,2,1
140041,索雅,2,2
140042,阿古娜,2,2
140043,霜角,2,3
140201,托勒,2,1
140202,霜鬃牦鹿,2,3
150041,沈秋娘,2,2
150042,竹生,2,1
150043,乔叔平,2,1
150051,霍青蒿,2,1
150052,白豆蔻,2,2
150053,阮荷,2,2
150061,罗栈头,2,1
150071,卢回春,2,1
150072,许阿禾,2,2
150081,许怀仁,2,1
150082,顾听鹤,2,2
150091,陶山亭,2,1
150101,念乔,1,2
160041,苗砺川,2,1
160042,乌茉,2,2
160051,骆逐风,2,1
160052,苏枣儿,2,2
160061,白蘅生,2,1
160062,裴辞归,2,2
160071,贺清渠,2,2
160081,殷砺原,2,1
160082,韩照晚,2,2
160091,迟望,2,1
160101,墨巧巧(废弃),0,2
170041,柳停云,2,2
170042,余潮生,2,1
170051,唐清漪,2,2
170052,宋小汀,2,2
170061,陈守塘,2,1
170062,沈烬儿,2,2
170071,周照水,2,1
170072,林浮白,2,2
170081,卓岸,2,1
170082,应禾禾,2,2
180011,迎客人,0,1
180012,游商,0,1
180101,酒商,0,1
180102,花贩,0,1
180201,酒楼掌柜,0,1
180202,船娘,0,1
180301,茶肆老板,0,1
180302,情报客,0,1
180401,郝春灯,0,2
180402,方石桥,0,1
180501,贺杏娘,0,2
180502,杜三酿,0,1
180503,罗素锦,0,2
180601,柳含烟,0,2
180602,叶小满,0,2
180603,杏豆,0,3
180701,林砚泉,0,1
180702,谷见水,0,1
180801,许明章,0,1
180802,唐素笺,0,2
180803,金兰序,0,2
180901,沈百药,0,1
180902,陆青囊,0,2
180903,韩榨春,0,1
190000,苏倾盏,2,2
190011,祁渊(废弃),2,1
190012,陆浩元,1,1
190013,姜玉衡,1,2
190014,墨澜,0,3
190031,沈夙,2,2
190032,薛如意,2,2
190101,程砺,2,1
190102,李清月,2,2
190103,赵执事,2,1
190201,白及,2,1
190301,钟离铁,2,1
190401,云嫣,1,2
190531,玄鸟,0,3
190601,萧衍,2,1
190602,应秉规,1,1
190801,苍松道人,2,1
190802,宓青苓,2,2
190803,云观尘,2,1
191012,桑烬慈,1,2
191013,照夜,0,3
191031,罗吒,2,1
191032,焰离,2,1
191101,苗烬,2,2
191102,姜朱离,2,2
191201,阿炽,2,1
191301,燧岩,2,1
191401,赤遥,2,2
191531,朱雀,0,3
191601,厉烨,2,1
191602,鬼影,2,1
191801,项焘,2,1
191802,赤瞳,2,1
191803,灼无衍,2,2
192011,岳重山,2,1
192013,砚山,0,3
192031,林知,2,2
192032,陶绾绾,2,2
192101,方砚川,2,1
192102,许凝枝,2,2
192201,石青芜,2,2
192301,卓承嶂,2,1
192531,山鹰,0,3
192601,陆道,2,1
192602,颜执圭,1,1
192801,崖松,2,1
192802,章磐,2,2
192803,乔拓宁,2,2
193011,叶半夏,2,2
193031,陶素,2,2
193032,季棠,2,2
193101,鹿瑶,2,2
193102,司南,2,1
193103,茯雪,0,3
193201,桑溪,2,2
193301,卫忱,2,1
193401,芊儿,1,2
193531,鹤雏,0,3
193601,木怀序,2,1
193602,蔺照檀,1,2
193801,甘予,2,1
193802,裴知微,2,1
193803,花清和,2,2
194011,燕惊鸿,2,1
194031,郁承锋,2,1
194032,荀迟,2,1
194101,凌缙,2,2
194102,乔霜刃,2,2
194105,摩摩,0,3
194201,闻槿,2,2
194301,裴铸玄,2,1
194401,沈桐桐,1,2
194531,苍隼,0,3
194601,商铃微,2,2
194602,洛衡真,1,2
194801,封归衡,2,1
194802,断水,2,1
194803,阮青砧,2,2
195011,寒砚松,0,1
195012,霁夜,0,3
195101,岑照微,0,2
195102,卓朔,0,1
195201,任知暖,0,2
195301,邬铁崖,0,1
195501,寒纪原,0,2
195502,虞清砚,0,2
195531,厢房灵宠,0,3
195532,雪团,0,3
195601,宋归简,0,1
195602,白栖衡,0,2
195801,寒岳峙,0,1
195802,容雪龄,0,2
195803,段朔川,0,1
196011,东方长旭,0,1
196012,衔昼,0,3
196013,岑观澜,0,2
196101,郦明铎,0,1
196102,谢澄晖,0,2
196201,尹绛衡,0,2
196301,费承烁,0,1
196501,戚惊翎,0,2
196502,阮清蘅,0,2
196531,厢房灵宠,0,3
196532,栖灯,0,3
196601,车照隅,0,1
196602,谯定衡,0,1
196801,步晞和,0,2
196802,郗烬川,0,1
196805,商既明,0,1
197011,夜流彻,0,1
197012,镇霆,0,3
197101,靳峙罡,0,1
197102,隗静霄,0,2
197201,宁葵真,0,2
197301,闵垂锋,0,1
197501,阚引霓,0,2
197502,郁听澜,0,2
197531,厢房灵宠,0,3
197532,铜豆,0,3
197601,游见危,0,1
197602,师含章,0,2
197801,蔺守阙,0,1
197802,翟寒声,0,1
197803,沙霁岚,0,2
198011,赫连孤,0,1
198012,伏魇,0,3
198101,贺缄之,0,1
198102,沈听砂,0,2
198201,黎疏月,0,2
198301,公冶岱,0,1
198501,桑知还,0,2
198504,石幽萤,0,2
198531,厢房灵宠,0,3
198532,乌珀,0,3
198601,费长策,0,1
198602,宫令仪,0,2
198801,拓跋归尘,0,1
198802,穆沉戈,0,1
198803,顾敛雪,0,2
199011,温宛央,0,2
199012,折金,0,3
199101,苏引绡,0,2
199102,梅叙商,0,1
199201,韩露葳,0,2
199301,邬留光,0,1
199501,祝清游,0,1
199502,姜夜泊,0,1
199531,厢房灵宠,0,3
199532,绯啾,0,3
199602,简知津,0,1
199603,裘采微,0,2
199801,裴沉璧,0,2
199802,曲绛容,0,2
199803,季横舟,0,1
200003,寒玥,2,2
202000,宋照砂,0,2
202001,阿隼,0,1
202004,闻不泊,0,1
202101,严秋燕,0,2
202102,柳画沙,0,2
202202,关漠生,0,1
202203,沙栖云,0,2
202211,祝干草,0,1
202221,景小刀,0,1
202231,砂耳,0,3
202301,梁兑水,0,1
202302,严驼山,0,1
202303,沙豆,0,3
202411,宿沙铭,0,1
202421,许沙墩,0,1
202431,葛半星,0,1
202701,穆晚烟,0,2
202702,穆遥,0,1
202802,柏望北,0,1
203004,林半亩,0,1
203011,田丰,0,1
203012,田立秋,0,1
203111,麦敬农,0,1
203131,麦穗宁,0,2
203201,麦青桥,0,1
203202,谷芽儿,0,2
203203,麦芽,0,3
203211,秦谷仓,0,1
203231,杜青耒,0,1
203301,周晒娘,0,2
203302,石满仓,0,1
203303,小禾灯,0,1
203411,蒲三秤,0,1
203421,乔小栓,0,1
203431,褚听雨,0,1
203511,韩宽篙,0,1
203521,陶晚芦,0,2
203531,邓肩生,0,1
203601,苗双禾,0,2
226000,尽欢坞客栈掌柜,0,1
226001,尽欢坞住客,0,1
226004,尽欢坞店小二,0,1
226031,许观隙,0,1
226032,祝青棠,0,2
226101,苗守澜,0,1
226102,孟荷声,0,2
226111,尽欢坞村长,0,1
226121,尽欢坞村长家属甲,0,1
226131,尽欢坞村长家属乙,0,1
226201,尤九枝,0,2
226202,祁算盘,0,1
226203,黑豆,0,3
226211,尽欢坞杂货掌柜,0,1
226221,尽欢坞杂货伙计,0,1
226231,尽欢坞看店灵宠,0,3
226301,江栖荻,0,2
226302,邵回舟,0,1
226411,尽欢坞主街老人,0,1
226421,尽欢坞孩童,0,1
226431,尽欢坞游方道人,0,1
226511,尽欢坞船老大,0,1
226521,尽欢坞船嫂,0,1
226531,尽欢坞脚夫,0,1
226801,唐拾珠,0,2
226802,丁小葵,0,2
226901,阮寒英,0,2
226902,程不语,0,1
241000,古渡镇客栈掌柜,0,1
241001,古渡镇住客,0,1
241004,古渡镇店小二,0,1
241031,梁松烟,0,2
241032,温炉生,0,1
241033,梅青禾,0,2
241101,赵绣宁,0,2
241102,郭有田,0,1
241103,苏文漪,0,2
241111,古渡镇村长,0,1
241121,古渡镇村长家属甲,0,1
241131,古渡镇村长家属乙,0,1
241201,崔仲平,0,1
241202,卫清晏,0,2
241203,石鉴冰,0,1
241211,古渡镇杂货掌柜,0,1
241221,古渡镇杂货伙计,0,1
241231,古渡镇看店灵宠,0,3
241301,宁照心,0,2
241302,白慎行,0,1
241303,谢仪真,0,2
241411,古渡镇主街老人,0,1
241421,古渡镇孩童,0,1
241431,古渡镇游方道人,0,1
241511,古渡镇船老大,0,1
241521,古渡镇船嫂,0,1
241531,古渡镇脚夫,0,1
241801,卓素商,0,2
241802,霍开诚,0,1
241803,黎木青,0,1
241901,周允恭,0,1
241902,褚兰台,0,2
241903,栗子,0,3
255011,冥泉城城门守卫甲,0,1
255012,冥泉城城门守卫乙,0,1
255031,冥泉城城主府主簿,0,1
255032,冥泉城府中侍从,0,1
255033,冥泉城府中护卫,0,1
255041,冥泉城茶楼掌柜,0,1
255042,冥泉城茶客,0,1
255051,冥泉城乐坊管事,0,1
255052,冥泉城乐师,0,1
255053,冥泉城游商,0,1
255061,冥泉城比武教头,0,1
255062,冥泉城擂台管事,0,1
255063,冥泉城挑战者,0,1
255071,冥泉城炼器师,0,1
255072,冥泉城打铁学徒,0,1
255081,冥泉城医师,0,1
255082,冥泉城药童,0,1
255083,冥泉城病患,0,1
255091,冥泉城摊贩,0,1
255092,冥泉城货郎,0,1
255093,冥泉城采买客,0,1
255101,冥泉城主街行人甲,0,1
255102,冥泉城主街行人乙,0,1
255103,冥泉城主街行人丙,0,1
255121,冥泉城船工,0,1
255122,冥泉城脚夫,0,1
255301,冥泉城客栈掌柜,0,1
255302,冥泉城说书客,0,1
255303,冥泉城住客,0,1
255401,冥泉城拍卖执事,0,1
255402,冥泉城拍卖侍者,0,1
255901,紫鸢,0,2
256000,朽牙镇客栈掌柜,0,1
256001,朽牙镇住客,0,1
256004,朽牙镇店小二,0,1
256111,朽牙镇村长,0,1
256121,朽牙镇村长家属甲,0,1
256131,朽牙镇村长家属乙,0,1
256211,朽牙镇杂货掌柜,0,1
256221,朽牙镇杂货伙计,0,1
256231,朽牙镇看店灵宠,0,3
256411,朽牙镇主街老人,0,1
256421,朽牙镇孩童,0,1
256431,朽牙镇游方道人,0,1
256511,朽牙镇船老大,0,1
256521,朽牙镇船嫂,0,1
256531,朽牙镇脚夫,0,1
257000,森罗鬼市客栈掌柜,0,1
257001,森罗鬼市住客,0,1
257004,森罗鬼市店小二,0,1
257111,森罗鬼市村长,0,1
257121,森罗鬼市村长家属甲,0,1
257131,森罗鬼市村长家属乙,0,1
257211,森罗鬼市杂货掌柜,0,1
257221,森罗鬼市杂货伙计,0,1
257231,森罗鬼市看店灵宠,0,3
257411,森罗鬼市主街老人,0,1
257421,森罗鬼市孩童,0,1
257431,森罗鬼市游方道人,0,1
257511,森罗鬼市船老大,0,1
257521,森罗鬼市船嫂,0,1
257531,森罗鬼市脚夫,0,1
257801,泠音(废弃),0,2
3000000,章舟影,2,1
3000001,焰洛尧,2,2
3000002,邬书瑾,2,1
3000003,汤眠云,2,2
3000004,方金澜,2,1
3000005,左清砚,2,2
3000006,苍竹微,2,1
3000007,砚雪衡,2,2
3000008,禹尘风,2,1
3000009,管洛书,2,2
3000010,燧书瑾,2,1
3000011,牛洛书,2,2
3000012,岑青厄,2,1
3000013,焚景澜,2,2
3000014,翁白玉,2,1
3000015,烈照临,2,2
3000016,司照临,2,1
3000017,尹尘棠,2,2
3000018,柳金沉,2,1
3000019,竹砚石,2,2
3000020,镇药策,2,1
3000021,喻问津,2,2
3000022,狄怀瑾,2,1
3000023,毛金澜,2,2
3000024,皮月临,2,1
3000025,孙玄砚,2,2
3000026,崖松年,2,1
3000027,方金沉,2,2
3000028,云野津,2,1
3000029,卫听澜,2,2
3000030,谢景澜,2,1
3000031,葛林真,2,2
3000032,范竹微,2,1
3000033,宓知白,2,2
3000034,汪眠云,2,1
3000035,陆知白,2,2
3000036,袁明夷,2,1
3000037,慕林真,2,2
3000038,伍白藏,2,1
3000039,段庭光,2,2
3000040,盛寒镜,2,1
3000041,洪庭光,2,2
3000042,席舟白,2,1
3000043,颜景澜,2,2
3000044,蔡金澜,2,1
3000045,徐清砚,2,2
3000046,韩守微,2,1
3000047,面静行,2,2
3000048,冯泉书,2,1
3000049,关问津,2,2
3000050,沈照微,2,1
3000051,韩川鸣,2,2
3000052,冯野津,2,1
3000053,毕金澜,2,2
3000054,方云岫,2,1
3000055,麻林岚,2,2
3000056,陈松年,2,1
3000057,陆玄栖,2,2
3000058,楚星野,2,1
3000059,游舟影,2,2
3000060,冥素商,2,1
3000061,茶守川,2,2
3000062,贾泉书,2,1
3000063,路寒镜,2,2
3000064,王尘风,2,1
3000065,灼无咎,2,2
3000066,雪听澜,2,1
3000067,王知白,2,2
3000068,封岚书,2,1
3000069,船衡生,2,2
3000070,山澜生,2,1
3000071,情溪药,2,2
3000072,俞舟影,2,1
3000073,郑闻溪,2,2
3000074,马明夷,2,1
3000075,赫雨棠,2,2
3000076,霍溪川,2,1
3000077,褚竹尘,2,2
3000078,于玄砚,2,1
3000079,禹岳宁,2,2
3000080,徐澜生,2,1
3000081,游野津,2,2
3000082,迎青崖,2,1
3000083,萧霜照,2,2
3000084,穆景澜,2,1
3000085,董白藏,2,2
3000086,迎明夷,2,1
3000087,古云岫,2,2
3000088,寒衡生,2,1
3000089,颜照野,2,2
3000090,邬霜照,2,1
3000091,长长宁,2,2
3000092,闻人砚,2,1
3000093,卜洛书,2,2
3000094,宓金澜,2,1
3000095,岑白藏,2,2
3000096,骆雪衡,2,1
3000097,丹澜生,2,2
3000098,万寒镜,2,1
3000099,唐云策,2,2
3000100,魏长宁,2,1
3000101,鲍金沉,2,2
3000102,焚衡生,2,1
3000103,同书瑾,2,2
3000104,茉书瑾,2,1
3000105,灼辞眠,2,2
3000106,简望尘,2,1
3000107,冥怀瑾,2,2
3000108,砚守川,2,1
3000109,慕风策,2,2
3000110,宓林真,2,1
3000111,花野津,2,2
3000112,柏孤远,2,1
3000113,关川鸣,2,2
3000114,寒照野,2,1
3000115,袁石泉,2,2
3000116,薛舟影,2,1
3000117,夜舟影,2,2
3000118,伏霜照,2,1
3000119,豹林岚,2,2
3000120,玄雨舟,2,1
3000121,陶野津,2,2
3000122,葛寒珩,2,1
3000123,鲁洛书,2,2
3000124,豹守微,2,1
3000125,祁照陵,2,2
3000126,简怀瑾,2,1
3000127,杨金沉,2,2
3000128,古砚石,2,1
3000129,叶孤远,2,2
3000130,豹川鸣,2,1
3000131,彭听澜,2,2
3000132,崔知白,2,1
3000133,温白藏,2,2
3000134,翁舟白,2,1
3000135,岑寒镜,2,2
3000136,陆金沉,2,1
3000137,邵药炉,2,2
3000138,慕雪衡,2,1
3000139,玄雪衡,2,2
3000140,小素问,2,1
3000141,玄砺星,2,2
3000142,麻问津,2,1
3000143,虞云策,2,2
3000144,尽知白,2,1
3000145,嘉砚石,2,2
3000146,高素问,2,1
3000147,陆守川,2,2
3000148,狄长宁,2,1
3000149,福问津,2,2
3000150,摩棠月,2,1
3000151,顾沉舟,2,2
3000152,霍林岚,2,1
3000153,麻金澜,2,2
3000154,俞风策,2,1
3000155,崔衡生,2,2
3000156,花素商,2,1
3000157,池砺鸣,2,2
3000158,纪洛尧,2,1
3000159,陈眠云,2,2
3000160,炼风策,2,1
3000161,索守微,2,2
3000162,云洛尧,2,1
3000163,简星野,2,2
3000164,温守微,2,1
3000165,宗燃灯,2,2
3000166,东衡生,2,1
3000167,彭守一,2,2
3000168,傅燃灯,2,1
3000169,邹舟影,2,2
3000170,柳景砚,2,1
3000171,燕松禾,2,2
3000172,白无咎,2,1
3000173,洛清崖,2,2
3000174,情竹微,2,1
3000175,褚辞眠,2,2
3000176,裴雪照,2,1
3000177,蒋庭光,2,2
3000178,白溪药,2,1
3000179,鲍明夷,2,2
3000180,毛星野,2,1
3000181,左石泉,2,2
3000182,邢昭宁,2,1
3000183,安竹尘,2,2
3000184,福林岚,2,1
3000185,彭归藏,2,2
3000186,天金澜,2,1
3000187,孟知安,2,2
3000188,翁霜照,2,1
3000189,季岚书,2,2
3000190,焰霜照,2,1
3000191,米守川,2,2
3000192,卢衡生,2,1
3000193,袁知白,2,2
3000194,梅寒镜,2,1
3000195,方白藏,2,2
3000196,蔺星野,2,1
3000197,严青衡,2,2
3000198,贝雨舟,2,1
3000199,宣辞眠,2,2
3000200,木溪药,2,1
3000201,长辞光,2,2
3000202,江庭光,2,1
3000203,贺镜远,2,2
3000204,祝林真,2,1
3000205,邱守一,2,2
3000206,余无咎,2,1
3000207,木望舒,2,2
3000208,钱玉庭,2,1
3000209,何照水,2,2
3000210,霍泉书,2,1
3000211,鹤景砚,2,2
3000212,姜砺鸣,2,1
3000213,夜竹尘,2,2
3000214,滕景砚,2,1
3000215,成玉庭,2,2
3000216,薛岳宁,2,1
3000217,钱知安,2,2
3000218,郝洛尧,2,1
3000219,任竹尘,2,2
3000220,夜砺星,2,1
3000221,殷闻溪,2,2
3000222,杨沉水,2,1
3000223,左镜远,2,2
3000224,熊砺星,2,1
3000225,阮玄真,2,2
3000226,岳舟白,2,1
3000227,同守一,2,2
3000228,夜玄砚,2,1
3000229,黄玄砚,2,2
3000230,苗药策,2,1
3000231,包无咎,2,2
3000232,焰棠月,2,1
3000233,范竹尘,2,2
3000234,丁林真,2,1
3000235,汪怀瑾,2,2
3000236,叶野津,2,1
3000237,镇守川,2,2
3000238,应岳宁,2,1
3000239,于景砚,2,2
3000240,俞怀霜,2,1
3000241,鲁岭风,2,2
3000242,贾玄砚,2,1
3000243,杭清砚,2,2
3000244,雪石泉,2,1
3000245,厉云岫,2,2
3000246,金长宁,2,1
3000247,庞庭雪,2,2
3000248,木镜远,2,1
3000249,灼尘棠,2,2
3000250,摩玄真,2,1
3000251,强书瑾,2,2
3000252,邬溪药,2,1
3000253,贾洛书,2,2
3000254,木玉庭,2,1
3000255,江素商,2,2
3000256,邓野津,2,1
3000257,晏无尘,2,2
3000258,慕照临,2,1
3000259,夜清砚,2,2
3000260,王风策,2,1
3000261,计微澜,2,2
3000262,戴玉庭,2,1
3000263,应知安,2,2
3000264,池风策,2,1
3000265,韦望舒,2,2
3000266,赵沉水,2,1
3000267,牛怀霜,2,2
3000268,李守微,2,1
3000269,托霜照,2,2
3000270,蒋溪川,2,1
3000271,金景澜,2,2
3000272,小岚书,2,1
3000273,苏守微,2,2
3000274,赤岭风,2,1
3000275,俞昭宁,2,2
3000276,薛竹尘,2,1
3000277,熊石泉,2,2
3000278,东风策,2,1
3000279,鲁松禾,2,2
3000280,小玄真,2,1
3000281,乐雨棠,2,2
3000282,何砚石,2,1
3000283,穆霜照,2,2
3000284,同守川,2,1
3000285,陶庭雪,2,2
3000286,米岭风,2,1
3000287,郭玄真,2,2
3000288,龚明夷,2,1
3000289,元云岫,2,2
3000290,面素问,2,1
3000291,王衡生,2,2
3000292,裴明夷,2,1
3000293,华尘棠,2,2
3000294,东清砚,2,1
3000295,竹白藏,2,2
3000296,伏守川,2,1
3000297,蔡清砚,2,2
3000298,孔砺星,2,1
3000299,巴药炉,2,2
3000300,翁听澜,2,1
3000301,管星野,2,2
3000302,乌雨舟,2,1
3000303,米玉庭,2,2
3000304,古尘棠,2,1
3000305,墨舟影,2,2
3000306,胡听澜,2,1
3000307,卜泉书,2,2
3000308,许照野,2,1
3000309,吕问津,2,2
3000310,褚星野,2,1
3000311,汤微澜,2,2
3000312,丁书瑾,2,1
3000313,苍照水,2,2
3000314,蓝书瑾,2,1
3000315,张金澜,2,2
3000316,蔡辞眠,2,1
3000317,禹闻溪,2,2
3000318,天舟影,2,1
3000319,尽野津,2,2
3000320,薛寒灯,2,1
3000321,岳知白,2,2
3000322,柯照水,2,1
3000323,唐守一,2,2
3000324,管昭宁,2,1
3000325,茉望尘,2,2
3000326,周雨舟,2,1
3000327,药岳白,2,2
3000328,左玄砚,2,1
3000329,和川鸣,2,2
3000330,范尘风,2,1
3000331,银眠云,2,2
3000332,慕知白,2,1
3000333,闵玄砚,2,2
3000334,阮清砚,2,1
3000335,杨云岫,2,2
3000336,牛明夷,2,1
3000337,灼知白,2,2
3000338,陶砺鸣,2,1
3000339,鹿石尘,2,2
3000340,许风策,2,1
3000341,石云策,2,2
3000342,尤镜远,2,1
3000343,福岳白,2,2
3000344,烬昭宁,2,1
3000345,何归藏,2,2
3000346,褚川鸣,2,1
3000347,宋风策,2,2
3000348,莫泉书,2,1
3000349,江林真,2,2
3000350,韩素问,2,1
3000351,楚归藏,2,2
3000352,骆川鸣,2,1
3000353,唐尘棠,2,2
3000354,舒听澜,2,1
3000355,顾石泉,2,2
3000356,苏见微,2,1
3000357,商长宁,2,2
3000358,虞静行,2,1
3000359,厉风策,2,2
3000360,灼寒镜,2,1
3000361,同云岫,2,2
3000362,同青崖,2,1
3000363,镇岳白,2,2
3000364,雪药策,2,1
3000365,卢问津,2,2
3000366,雷怀瑾,2,1
3000367,赫守微,2,2
3000368,季安行,2,1
3000369,华闻溪,2,2
3000370,季舟白,2,1
3000371,赵燃灯,2,2
3000372,姚景砚,2,1
3000373,尹青衡,2,2
3000374,柳白玉,2,1
3000375,吕衡生,2,2
3000376,吴玄砚,2,1
3000377,古照临,2,2
3000378,青松年,2,1
3000379,钟问津,2,2
3000380,钱白藏,2,1
3000381,焰寒珩,2,2
3000382,闵岚书,2,1
3000383,米雪衡,2,2
3000384,楚岳白,2,1
3000385,郭金沉,2,2
3000386,照玄砚,2,1
3000387,药石尘,2,2
3000388,邵竹微,2,1
3000389,桑洛尧,2,2
3000390,裴松禾,2,1
3000391,季长离,2,2
3000392,沙松年,2,1
3000393,灼药策,2,2
3000394,葛静行,2,1
3000395,花川鸣,2,2
3000396,欧云岫,2,1
3000397,芷尘风,2,2
3000398,药药策,2,1
3000399,雷衡生,2,2
3000400,伏尘棠,2,1
3000401,湛雪衡,2,2
3000402,蔺孤远,2,1
3000403,廉尘棠,2,2
3000404,托洛尧,2,1
3000405,卜石泉,2,2
3000406,邬照临,2,1
3000407,管青崖,2,2
3000408,酒知安,2,1
3000409,霜白藏,2,2
3000410,迟孤远,2,1
3000411,焰照临,2,2
3000412,玄寒镜,2,1
3000413,宗溪川,2,2
3000414,船怀瑾,2,1
3000415,林照夜,2,2
3000416,张竹微,2,1
3000417,燕明夷,2,2
3000418,可白玉,2,1
3000419,胡药炉,2,2
3000420,咪问津,2,1
3000421,薛孤远,2,2
3000422,孙静行,2,1
3000423,执燃灯,2,2
3000424,杨川鸣,2,1
3000425,裴闻溪,2,2
3000426,蓝知安,2,1
3000427,支玄砚,2,2
3000428,丹青崖,2,1
3000429,鲍白玉,2,2
3000430,陆霜照,2,1
3000431,酒石尘,2,2
3000432,强青衡,2,1
3000433,吴玄真,2,2
3000434,柯怀霜,2,1
3000435,方岚书,2,2
3000436,康星野,2,1
3000437,燧照水,2,2
3000438,齐舟白,2,1
3000439,张怀瑾,2,2
3000440,秦观海,2,1
3000441,金松禾,2,2
3000442,吕尘棠,2,1
3000443,秦白藏,2,2
3000444,熊景砚,2,1
3000445,唐棠月,2,2
3000446,灼白藏,2,1
3000447,丁白玉,2,2
3000448,关竹尘,2,1
3000449,项舟白,2,2
3000450,常问津,2,1
3000451,季守微,2,2
3000452,郁青崖,2,1
3000453,皮问津,2,2
3000454,山竹尘,2,1
3000455,蔺竹微,2,2
3000456,孟燃灯,2,1
3000457,柯望舒,2,2
3000458,苏岭风,2,1
3000459,泡庭雪,2,2
3000460,洪长宁,2,1
3000461,元金沉,2,2
3000462,臧无咎,2,1
3000463,照书瑾,2,2
3000464,陆素问,2,1
3000465,尹庭光,2,2
3000466,游竹尘,2,1
3000467,宓尘风,2,2
3000468,莲照临,2,1
3000469,伏镜远,2,2
3000470,陆怀霜,2,1
3000471,岳砚石,2,2
3000472,同泉书,2,1
3000473,赤松年,2,2
3000474,于辞眠,2,1
3000475,阿溪川,2,2
3000476,沈素问,2,1
3000477,钱雪衡,2,2
3000478,郝岳宁,2,1
3000479,吴石泉,2,2
3000480,元问津,2,1
3000481,烬棠月,2,2
3000482,宋静行,2,1
3000483,谢停云,2,2
3000484,贝孤远,2,1
3000485,韩岭风,2,2
3000486,谢知安,2,1
3000487,麦望尘,2,2
3000488,山石尘,2,1
3000489,徐微澜,2,2
3000490,东林真,2,1
3000491,霍明夷,2,2
3000492,魏月临,2,1
3000493,冥孤远,2,2
3000494,闻霜照,2,1
3000495,厉守川,2,2
3000496,薛石尘,2,1
3000497,赫清砚,2,2
3000498,封石泉,2,1
3000499,余药策,2,2
3000500,照溪川,2,1
3000501,熊守微,2,2
3000502,银守川,2,1
3000503,面星野,2,2
3000504,邹白藏,2,1
3000505,于眠云,2,2
3000506,秦青衡,2,1
3000507,镇玄真,2,2
3000508,王白藏,2,1
3000509,慕青崖,2,2
3000510,天守一,2,1
3000511,朱风策,2,2
3000512,应庭雪,2,1
3000513,霜川鸣,2,2
3000514,船素商,2,1
3000515,蔡石泉,2,2
3000516,明照临,2,1
3000517,郑望舒,2,2
3000518,邹竹尘,2,1
3000519,沙望舒,2,2
3000520,董岳白,2,1
3000521,季砺星,2,2
3000522,秦舟影,2,1
3000523,厉雪衡,2,2
3000524,夜孤远,2,1
3000525,索舟影,2,2
3000526,宣药策,2,1
3000527,费青崖,2,2
3000528,森沉水,2,1
3000529,老守川,2,2
3000530,颜溪川,2,1
3000531,陆眠云,2,2
3000532,郑白玉,2,1
3000533,岑竹微,2,2
3000534,鲍望舒,2,1
3000535,韩若虚,2,2
3000536,曹青崖,2,1
3000537,顾云岫,2,2
3000538,霜砚石,2,1
3000539,乌照水,2,2
3000540,卫藏锋,2,1
3000541,黄青崖,2,2
3000542,芷静行,2,1
3000543,长照水,2,2
3000544,燕静行,2,1
3000545,汤砚石,2,2
3000546,烬洛尧,2,1
3000547,石守一,2,2
3000548,元林真,2,1
3000549,雪药炉,2,2
3000550,庞林岚,2,1
3000551,萧知白,2,2
3000552,鹿雪衡,2,1
3000553,情雨棠,2,2
3000554,郑白藏,2,1
3000555,谷玉庭,2,2
3000556,索竹微,2,1
3000557,余沉水,2,2
3000558,朱安行,2,1
3000559,祝洛书,2,2
3000560,夏石尘,2,1
3000561,霜林真,2,2
3000562,宋白玉,2,1
3000563,温石尘,2,2
3000564,魏燃灯,2,1
3000565,萧岳白,2,2
3000566,昌庭雪,2,1
3000567,池怀瑾,2,2
3000568,廉守川,2,1
3000569,程砚石,2,2
3000570,苗焰歌,2,1
3000571,温不疑,2,2
3000572,杨守一,2,1
3000573,鲍沉水,2,2
3000574,龚闻溪,2,1
3000575,马无咎,2,2
3000576,应岚书,2,1
3000577,成孤远,2,2
3000578,祝照水,2,1
3000579,董尘棠,2,2
3000580,祁林真,2,1
3000581,吕云岫,2,2
3000582,廉野津,2,1
3000583,颜微澜,2,2
3000584,蔺照水,2,1
3000585,乐雨舟,2,2
3000586,殷望尘,2,1
3000587,胡玄砚,2,2
3000588,谢金澜,2,1
3000589,水书瑾,2,2
3000590,林云岫,2,1
3000591,巴景砚,2,2
3000592,钟照水,2,1
3000593,蒋药策,2,2
3000594,狄明夷,2,1
3000595,尤昭宁,2,2
3000596,芷洛尧,2,1
3000597,封沉水,2,2
3000598,蔺听澜,2,1
3000599,颜青衡,2,2
3000600,天云岫,2,1
3000601,舒怀瑾,2,2
3000602,杜金沉,2,1
3000603,林知安,2,2
3000604,尹照临,2,1
3000605,陶玄舟,2,2
3000606,牛静行,2,1
3000607,福清砚,2,2
3000608,鲍溪药,2,1
3000609,汤风策,2,2
3000610,鹤庭雪,2,1
3000611,冥石尘,2,2
3000612,湛白玉,2,1
3000613,祁沉水,2,2
3000614,包药策,2,1
3000615,余明夷,2,2
3000616,孙石尘,2,1
3000617,泡辞光,2,2
3000618,叶砚石,2,1
3000619,黄安行,2,2
3000620,萧素商,2,1
3000621,秦玄砚,2,2
3000622,面景澜,2,1
3000623,乌洛书,2,2
3000624,史怀瑾,2,1
3000625,竹安行,2,2
3000626,顾砺鸣,2,1
3000627,邢孤远,2,2
3000628,船辞眠,2,1
3000629,柏棠月,2,2
3000630,姚林岚,2,1
3000631,朽寒珩,2,2
3000632,叶照临,2,1
3000633,山照野,2,2
3000634,虞望舒,2,1
3000635,照玄真,2,2
3000636,玄听澜,2,1
3000637,应云策,2,2
3000638,托舟白,2,1
3000639,万松年,2,2
3000640,楚岚书,2,1
3000641,俞辞眠,2,2
3000642,老白藏,2,1
3000643,余青衡,2,2
3000644,老金澜,2,1
3000645,乔无咎,2,2
3000646,吉玉庭,2,1
3000647,康雨棠,2,2
3000648,皮砚石,2,1
3000649,方折柳,2,2
3000650,洛洛书,2,1
3000651,丹雨棠,2,2
3000652,祁砺鸣,2,1
3000653,岳岚书,2,2
3000654,水砺星,2,1
3000655,墨岚书,2,2
3000656,雷白藏,2,1
3000657,强石泉,2,2
3000658,褚知白,2,1
3000659,岑雨舟,2,2
3000660,伍长宁,2,1
3000661,邢问津,2,2
3000662,罗溪川,2,1
3000663,梅月临,2,2
3000664,应棠月,2,1
3000665,苍昭宁,2,2
3000666,长野津,2,1
3000667,关听澜,2,2
3000668,宣云策,2,1
3000669,毛守川,2,2
3000670,计听澜,2,1
3000671,曹川鸣,2,2
3000672,焰舟白,2,1
3000673,断辞眠,2,2
3000674,关药炉,2,1
3000675,邹泉书,2,2
3000676,周望尘,2,1
3000677,竹寒珩,2,2
3000678,张岳宁,2,1
3000679,贺孤鸿,2,2
3000680,唐长宁,2,1
3000681,汪金澜,2,2
3000682,宋素问,2,1
3000683,胡守微,2,2
3000684,盛明夷,2,1
3000685,沈砺星,2,2
3000686,柏沉水,2,1
3000687,邢云策,2,2
3000688,昌溪川,2,1
3000689,皮砺星,2,2
3000690,米知安,2,1
3000691,赫舟影,2,2
3000692,褚白藏,2,1
3000693,吕照临,2,2
3000694,寒焰歌,2,1
3000695,熊望舒,2,2
3000696,石景澜,2,1
3000697,万溪川,2,2
3000698,烈林真,2,1
3000699,周金沉,2,2
3000700,嘉林真,2,1
3000701,陈明夷,2,2
3000702,安岭风,2,1
3000703,颜清砚,2,2
3000704,迎尘风,2,1
3000705,燕无咎,2,2
3000706,沈怀霜,2,1
3000707,豹怀霜,2,2
3000708,山松禾,2,1
3000709,照玉庭,2,2
3000710,苗砺鸣,2,1
3000711,任景澜,2,2
3000712,简青衡,2,1
3000713,镇川鸣,2,2
3000714,梅松年,2,1
3000715,霜静行,2,2
3000716,常守川,2,1
3000717,俞雪衡,2,2
3000718,卜昭宁,2,1
3000719,尹抱朴,2,2
3000720,山霜照,2,1
3000721,焚舟白,2,2
3000722,邹岭风,2,1
3000723,邝松年,2,2
3000724,熊林真,2,1
3000725,姜素问,2,2
3000726,尤守微,2,1
3000727,姜岳白,2,2
3000728,照寒镜,2,1
3000729,庞砚石,2,2
3000730,袁岳宁,2,1
3000731,江风策,2,2
3000732,施金澜,2,1
3000733,柳玄澜,2,2
3000734,蒋沉水,2,1
3000735,唐金澜,2,2
3000736,齐景砚,2,1
3000737,沈寒珩,2,2
3000738,齐月临,2,1
3000739,赵竹尘,2,2
3000740,龚星野,2,1
3000741,余雪衡,2,2
3000742,蒋长宁,2,1
3000743,吕玄真,2,2
3000744,宓照水,2,1
3000745,沙竹尘,2,2
3000746,郝怀瑾,2,1
3000747,包泉书,2,2
3000748,秦松年,2,1
3000749,潘药策,2,2
3000750,墨书瑾,2,1
3000751,欧洛书,2,2
3000752,乐明夷,2,1
3000753,江知白,2,2
3000754,唐雨棠,2,1
3000755,巴野津,2,2
3000756,邝竹微,2,1
3000757,同云策,2,2
3000758,成玄砚,2,1
3000759,滕星野,2,2
3000760,孔闻溪,2,1
3000761,薛素问,2,2
3000762,徐砚石,2,1
3000763,谷庭光,2,2
3000764,郝归藏,2,1
3000765,顾忘剑,2,2
3000766,吕明夷,2,1
3000767,平长宁,2,2
3000768,卓玄砚,2,1
3000769,毕庭雪,2,2
3000770,崔青崖,2,1
3000771,元洛书,2,2
3000772,潘昭宁,2,1
3000773,商燃灯,2,2
3000774,姚野津,2,1
3000775,解砺星,2,2
3000776,桑澜生,2,1
3000777,镇林真,2,2
3000778,孔竹尘,2,1
3000779,熊尘风,2,2
3000780,周问石,2,1
3000781,万明夷,2,2
3000782,裴燃灯,2,1
3000783,桑怀霜,2,2
3000784,洪岚书,2,1
3000785,嘉静行,2,2
3000786,伍砚石,2,1
3000787,炼望舒,2,2
3000788,咪玄砚,2,1
3000789,庞无咎,2,2
3000790,莫尘棠,2,1
3000791,乐望舒,2,2
3000792,池微澜,2,1
3000793,福沉水,2,2
3000794,乔听澜,2,1
3000795,邓微澜,2,2
3000796,穆眠云,2,1
3000797,季砚石,2,2
3000798,焰云岫,2,1
3000799,山药策,2,2
3000800,翁星野,2,1
3000801,白竹尘,2,2
3000802,罗衡生,2,1
3000803,余景澜,2,2
3000804,砚溪药,2,1
3000805,池雨舟,2,2
3000806,康守一,2,1
3000807,尹寒镜,2,2
3000808,柏知安,2,1
3000809,孟问津,2,2
3000810,焰金沉,2,1
3000811,岑玉庭,2,2
3000812,元沉水,2,1
3000813,洛溪药,2,2
3000814,施竹尘,2,1
3000815,池照野,2,2
3000816,费知安,2,1
3000817,卜林岚,2,2
3000818,潘焰歌,2,1
3000819,莲砚石,2,2
3000820,同溪药,2,1
3000821,楚知白,2,2
3000822,毕景砚,2,1
3000823,邬怀霜,2,2
3000824,苏泉书,2,1
3000825,闻尘棠,2,2
3000826,强云策,2,1
3000827,司澜生,2,2
3000828,苗静行,2,1
3000829,方药策,2,2
3000830,宣竹尘,2,1
3000831,净尘客,2,2
3000832,商玉庭,2,1
3000833,卜景砚,2,2
3000834,屈寒珩,2,1
3000835,罗溪药,2,2
3000836,施庭光,2,1
3000837,韩眠云,2,2
3000838,咪青衡,2,1
3000839,史照水,2,2
3000840,寒岳宁,2,1
3000841,弟岚书,2,2
3000842,药洛尧,2,1
3000843,陶燃灯,2,2
3000844,蒋衡生,2,1
3000845,封衡生,2,2
3000846,岳庭光,2,1
3000847,平怀瑾,2,2
3000848,段问津,2,1
3000849,照眠云,2,2
3000850,宓月临,2,1
3000851,孔素问,2,2
3000852,应砺鸣,2,1
3000853,叶雨舟,2,2
3000854,平知安,2,1
3000855,嘉溪川,2,2
3000856,关星野,2,1
3000857,洪溪药,2,2
3000858,福闻溪,2,1
3000859,白安行,2,2
3000860,池竹微,2,1
3000861,章砺鸣,2,2
3000862,霜岚书,2,1
3000863,骆归藏,2,2
3000864,魏金澜,2,1
3000865,尹无咎,2,2
3000866,船云岫,2,1
3000867,宗焰歌,2,2
3000868,石林岚,2,1
3000869,闻怀霜,2,2
3000870,冯孤远,2,1
3000871,朽守一,2,2
3000872,任石泉,2,1
3000873,江眠云,2,2
3000874,柳雨舟,2,1
3000875,卓舟影,2,2
3000876,蓝守一,2,1
3000877,谢怀瑾,2,2
3000878,叶石泉,2,1
3000879,姚雨棠,2,2
3000880,霍安行,2,1
3000881,倪照水,2,2
3000882,庞白藏,2,1
3000883,石庭光,2,2
3000884,余玉庭,2,1
3000885,支寒珩,2,2
3000886,皮望尘,2,1
3000887,韩长宁,2,2
3000888,牛望舒,2,1
3000889,施泉书,2,2
3000890,岳微澜,2,1
3000891,莫林真,2,2
3000892,山月临,2,1
3000893,季霜照,2,2
3000894,程石泉,2,1
3000895,熊微澜,2,2
3000896,云焰歌,2,1
3000897,汤清砚,2,2
3000898,常燃灯,2,1
3000899,宗竹微,2,2
3000900,面听澜,2,1
3000901,丁霜照,2,2
3000902,封岭风,2,1
3000903,杜石尘,2,2
3000904,狄雨棠,2,1
3000905,丁焰歌,2,2
3000906,喻书瑾,2,1
3000907,童澜生,2,2
3000908,严庭雪,2,1
3000909,强清砚,2,2
3000910,山川鸣,2,1
3000911,茶云策,2,2
3000912,王雨舟,2,1
3000913,窦照野,2,2
3000914,尹云策,2,1
3000915,嘉安行,2,2
3000916,熊焰歌,2,1
3000917,天眠云,2,2
3000918,胡药策,2,1
3000919,葛镜远,2,2
3000920,滕寒镜,2,1
3000921,倪药策,2,2
3000922,执棠月,2,1
3000923,封照水,2,2
3000924,尤白藏,2,1
3000925,云寒珩,2,2
3000926,墨安行,2,1
3000927,吕庭光,2,2
3000928,欧问津,2,1
3000929,封怀瑾,2,2
3000930,俞青衡,2,1
3000931,裴砺鸣,2,2
3000932,毛川鸣,2,1
3000933,喻洛尧,2,2
3000934,崔素问,2,1
3000935,冯沉水,2,2
3000936,卓松禾,2,1
3000937,索微澜,2,2
3000938,顾砺星,2,1
3000939,伍岚书,2,2
3000940,程玉庭,2,1
3000941,情白藏,2,2
3000942,寒寒镜,2,1
3000943,皮怀瑾,2,2
3000944,徐青崖,2,1
3000945,可景澜,2,2
3000946,茶岳白,2,1
3000947,宋砚石,2,2
3000948,情照野,2,1
3000949,灼孤远,2,2
3000950,袁尘棠,2,1
3000951,森金澜,2,2
3000952,麦知安,2,1
3000953,韩照野,2,2
3000954,元云策,2,1
3000955,包守一,2,2
3000956,凤守微,2,1
3000957,烬泉书,2,2
3000958,邵孤远,2,1
3000959,范辞光,2,2
3000960,乐玄砚,2,1
3000961,程野津,2,2
3000962,荀守川,2,1
3000963,管石泉,2,2
3000964,魏望舒,2,1
3000965,焰石泉,2,2
3000966,方焰歌,2,1
3000967,陶林真,2,2
3000968,莲昭宁,2,1
3000969,贾照临,2,2
3000970,胡昭宁,2,1
3000971,齐砚石,2,2
3000972,王闻溪,2,1
3000973,舒望舒,2,2
3000974,鲍玄砚,2,1
3000975,温庭雪,2,2
3000976,唐知安,2,1
3000977,宋野津,2,2
3000978,咪明夷,2,1
3000979,雷庭雪,2,2
3000980,古雨舟,2,1
3000981,童舟白,2,2
3000982,咪闻溪,2,1
3000983,安岳宁,2,2
3000984,白履霜,2,1
3000985,丁照临,2,2
3000986,商寒珩,2,1
3000987,索白玉,2,2
3000988,沈守川,2,1
3000989,荣溪川,2,2
3000990,霍望舒,2,1
3000991,章月临,2,2
3000992,吴素问,2,1
3000993,罗无咎,2,2
3000994,陈听澜,2,1
3000995,白镜远,2,2
3000996,柳庭光,2,1
3000997,卜尘棠,2,2
3000998,乌辞眠,2,1
3000999,阿川鸣,2,2
4000000,阿顺,0,1
4000001,赖三刀,1,1
4000002,云芝山守门弟子,0,1
4000003,云芝山守门弟子,0,1
4000004,闹事散修,0,1
4000005,闻人非,0,1
4000006,祁煌,0,1
4000007,虞千铃,0,2
4000008,玄一门巡防弟子,0,1
4000009,役鬼殿魔修,0,1
4000010,苗火生,0,1
4000011,万家镇,0,1
4000012,拍卖会镖师,0,1
4000014,侧席宾客,0,1
4000015,被钉修士,0,1
4000016,被控修士,0,1
4000017,阴逝川,0,1
4000018,役鬼殿主,0,1
4000019,捏泥老人,0,1
4000020,玄机长老,0,1
4000021,云芝山问责长老甲,0,1
4000022,云芝山问责长老乙,0,2
4000023,长老残影甲,0,2
4000024,长老残影乙,0,2
4000025,长老残影丙,0,2
4000026,被困弟子,0,1
4000027,玄一门弃徒,0,1
4000028,砾伯,0,1
4000029,受伤少女,0,2
4000030,叶知影,0,2
4000031,游方丹商,0,1
4000032,商队供奉,0,1
4000033,李麻子,0,1
4000034,李灶儿,0,2
4000035,散修甲,0,1
4000036,散修乙,0,1
4000037,小念乔,0,2
4000038,年轻版竹娘娘,0,2
4000039,竹娘娘,0,2
4000040,役鬼殿探子甲,0,1
4000041,役鬼殿探子乙,0,2
4000042,布阵魔修,0,1
4000043,小丫,0,2
4000044,砺剑盟弟子甲,0,1
4000045,砺剑盟弟子乙,0,1
4000046,赤血宗弟子,0,1
4000047,方长老,0,1
4000048,沈长老,0,2
4000049,邪修,0,1
4000050,沙栖月,0,2
4000051,祁渊,0,1
4000052,孤寒舟,0,1
4000053,画中人,0,1
4000054,？？？,0,2
4000055,修士甲,0,3
4000056,修士乙,0,3
4000057,焚天宗弟子,0,3
4000058,兵长,0,3
4000059,照妖镜操作修士,0,3
4000060,某宗长老,0,3
4000061,另一长老,0,3
4000062,神秘声音,0,3
4000063,陈守一,0,1
4000064,陈阿福,0,1
4000065,白獠战士甲,0,1
4000066,白獠战士乙,0,1
4000067,周德茂,0,1
4000068,周玄,0,1
4000069,中年人,0,1
4000070,周家子弟,0,1
4000075,苏婉,0,2
